instance_id,phrase,mapped_sct_ids,single_mapped_sct_ids
649569067783835648.ann_T1,anxiety,48694002,48694002
662509064233046016.ann_T1,knee pain,30989003 57676002,57676002
663040611662954496.ann_T1,sleeping,271782001 77692006,77692006
644567026074316800.ann_T1,productive,193462001,193462001
662100576067436544.ann_T3,anxiety,48694002,48694002
654086449751457792.ann_T1,#iwannasleep,271782001,271782001
642762622987735040.ann_T1,thinner,262285001 89362005 161832001,262285001
661948404742922242.ann_T1,#pelvicpain,30473006,30473006
641050234219569156.ann_T1,irritated,55929007,55929007
641050234219569156.ann_T2,getting on my nerves,55929007,55929007
643651405366956032.ann_T1,pain,22253000,22253000
654808812260474880.ann_T2,dry cough,11833005 49727002 272039006,49727002
653881180446662656.ann_T1,recurrent proliferative vitreoretinopathy retinal detachment,44268007,44268007
644548927144992768.ann_T1,#acne,11381005,11381005
645393042262917120.ann_T1,lightheaded,404640003 271789005 386705008,404640003
645393042262917120.ann_T2,weak,13791008,13791008
660945128064856064.ann_T2,depressed,35489007 74732009 366979004 13791008,366979004
649674129201696768.ann_T1,Sexual side effects,56925008 225723003 231532002,56925008
644262240913330177.ann_T2,breast cancer,254838004 254837009,254837009
656827047646507008.ann_T2,Lung Cancer,254637007,254637007
661968993100693504.ann_T1,anxious,48694002,48694002
661968993100693504.ann_T3,blood pressure,24184005,24184005
649978232578699264.ann_T1,leep disorder,39898005,39898005
649978232578699264.ann_T2,wakefulness,44186003,44186003
649978232578699264.ann_T3,narcolepsy,60380001,60380001
661206803108106240.ann_T1,ADHD,47437004 7461003,7461003
650525734402936832.ann_T2,focus,193462001 76039005,193462001
663734215150800896.ann_T3,tremor,267079009 26079004,26079004
659509597544292352.ann_T1,withdrawals,363101005,363101005
648592796081721344.ann_T1,headache,25064002,25064002
654322215333158912.ann_T2,feel like ass,74732009 366979004 13791008 35489007,366979004
654322215333158912.ann_T3,euphoric,307074005,307074005
647094475408302080.ann_T1,Opiate Dependence,75544000 2403008 6525002,6525002
649955637871398912.ann_T1,weight gain,262286000 8943002,262286000
658635706630348800.ann_T1,nauseous,422587007,422587007
648226501511376897.ann_T2,#Migraines,37796009,37796009
656844185102852096.ann_T1,eating disorder,439960005,439960005
656844185102852096.ann_T2,weight loss,262285001 89362005 161832001,262285001
658888851130224640.ann_T1,awake more than __number__ hrs at a time,44186003,44186003
641255554455896064.ann_T1,happier,307074005,307074005
661942296133378048.ann_T1,breast cancer,254838004 254837009,254837009
654354915523997696.ann_T1,gain weight,262286000 8943002,262286000
662372920841396224.ann_T1,removed my physical ability to cry,932006 20602000,20602000
644925369594744834.ann_T1,cough,49727002 272039006,49727002
642362373613977600.ann_T2,I have been up to weight,262286000 8943002,262286000
650993762185797633.ann_T1,vomit,249497008 422400008,422400008
652741664524632064.ann_T2,#bipolar,13746004 371596008,13746004
647914574423949313.ann_T1,blood pressure,24184005,24184005
644853904228884480.ann_T2,Vertigo,404640003 399153001,399153001
644853904228884480.ann_T4,Withdrawal side effects,363101005,363101005
642103911973654528.ann_T1,#bipolar,13746004 371596008,13746004
644200374769963008.ann_T1,shoulder pain,279069000 45326000,279069000
642975605210746880.ann_T1,awake,193462001 44186003,193462001
642975605210746880.ann_T2,#BipolarDisorde,13746004 371596008,13746004
643127744306524164.ann_T2,epileptic,230456007 84757009 246545002 313307000,84757009
650997207290671104.ann_T3,asthma,195967001,195967001
658599405226995712.ann_T1,Chronic Pain,22253000 82423001,22253000
663945579068678144.ann_T1,rash,271807003,271807003
658542075022090240.ann_T2,decrease cartilage,50927007,50927007
642542718472835072.ann_T1,#OvarianCyst,79883001,79883001
641512209244295168.ann_T1,rage,75408008,75408008
641512209244295168.ann_T3,agitation,24199005,24199005
641512209244295168.ann_T4,#PTSD,47505003,47505003
641512209244295168.ann_T6,#bipolar,13746004 371596008,13746004
641512209244295168.ann_T7,mania,231494001,231494001
643577433191546881.ann_T2,fatigue,248274002 84229001 13791008,84229001
649958836497809408.ann_T1,fibromyalgia,24693007 56557000 203082005 203102006,203082005
649958836497809408.ann_T2,pain,22253000,22253000
645579261366116352.ann_T1,headache,25064002,25064002
663217254356623360.ann_T2,tiredness,267031002 84229001 248274002 13791008,84229001
663217254356623360.ann_T3,sleep changes,39898005,39898005
642703833345454080.ann_T1,#fibromyalgia,24693007 56557000 203082005 203102006,203082005
641096821763215361.ann_T1,anxiety,48694002,48694002
663398872958529540.ann_T1,antidepressant,366979004 35489007,366979004
641892928311427072.ann_T1,respiratory arrest,87317003,87317003
663789993828163584.ann_T1,anti depressant,366979004 35489007,366979004
659307242701856768.ann_T1,withdrawal,363101005,363101005
659307242701856768.ann_T3,head pains,25064002,25064002
663415296045260800.ann_T2,nausea,422587007,422587007
647319747286007808.ann_T2,anxiety,48694002,48694002
647684107959422976.ann_T1,headaches,25064002,25064002
662577341919432704.ann_T1,jitters,424196004,424196004
647410802459209728.ann_T1,SLEEP,271782001 77692006,77692006
641837712236900352.ann_T2,breast cancer,254838004 254837009,254837009
647066582791888896.ann_T2,breast cancer,254838004 254837009,254837009
657173786958106624.ann_T1,#RheumatoidArthritis,3723001 69896004,69896004
654444140143489025.ann_T1,EXPLODE TENDONS,415749005,415749005
644770497775992833.ann_T1,Anti-Psychotic,69322001,69322001
660477788990771201.ann_T1,hungry,55350005,55350005
642074954687770624.ann_T1,#asthma,195967001,195967001
647994918846115842.ann_T3,energy,276301007,276301007
642384054835396608.ann_T1,my mind stays woke,193462001,193462001
663232502421671936.ann_T2,seizure,91175000,91175000
649681304275959808.ann_T1,#bipolar,13746004 371596008,13746004
645860842160812032.ann_T2,anxiety,48694002,48694002
644326793910943745.ann_T1,ligament injury,263126002,263126002
644835819132428288.ann_T1,nausea,422587007,422587007
662338114564833280.ann_T1,making my stomach literally growl,55350005,55350005
662338114564833280.ann_T2,#alwayshungry,55350005,55350005
644366547998277632.ann_T1,nightmares,419145002,419145002
656572136211935232.ann_T2,serotonin syndrome,371089000,371089000
652604772717957120.ann_T1,withdrawals,363101005,363101005
652548498542432256.ann_T1,nausea,422587007,422587007
648513787348287488.ann_T2,OCD,191736004,191736004
648755769177935872.ann_T1,irritable,55929007,55929007
659713243863261185.ann_T1,#bipolardisorder,13746004 371596008,13746004
647453053465989120.ann_T1,sleep,271782001 77692006,77692006
645761971061551104.ann_T1,#actuallybipolar,13746004 371596008,13746004
659088191857651712.ann_T1,#sleep,271782001,271782001
659656974095790080.ann_T1,sleep,271782001 77692006,77692006
660215551172739072.ann_T1,weight gain,262286000 8943002,262286000
643900602192367617.ann_T2,sacuidosis,31541009,31541009
658742418246778880.ann_T2,Asthma,195967001,195967001
658742418246778880.ann_T3,Alzheimer's,26929004,26929004
660589973049995264.ann_T1,withdrawal,363101005,363101005
644516944016723968.ann_T3,#chronicheadaches,25064002,25064002
654309211325730816.ann_T1,Manic,231494001,231494001
644154228211105792.ann_T1,ANXIETY DISORDER,197480006,197480006
645918236345806848.ann_T1,yawn,248626009,248626009
645909437757169664.ann_T2,withdrawal symptoms,363101005,363101005
652559407645982721.ann_T1,adhd,47437004 7461003,7461003
663495073972162560.ann_T1,neurotoxic reaction,19466003,19466003
642871743909089280.ann_T2,stomach,21522001 43364001 162059005 271681002 83132003,83132003
644593234728099840.ann_T1,hallucinating,7011001,7011001
644593234728099840.ann_T2,delusions,2073000,2073000
642333056666370048.ann_T2,#chronicmigraine,37796009,37796009
645975721878253568.ann_T1,migraines,37796009,37796009
645975721878253568.ann_T2,tingly,91019004 62507009,91019004
643896343979646976.ann_T2,hallucinating,7011001,7011001
647785415710130176.ann_T1,joint pain,57676002,57676002
647785415710130176.ann_T3,#breastcancer,254837009,254837009
653445229631131648.ann_T2,panic disorder,371631005,371631005
653445229631131648.ann_T3,tired,248274002 84229001 13791008,84229001
653445229631131648.ann_T4,tired,248274002 84229001 13791008,84229001
660838057529245696.ann_T1,neck sore,81680005,81680005
660838057529245696.ann_T3,sore throat,162397003 267102003,267102003
642506018962939904.ann_T1,killing my appetite,64379006 79890006,64379006
647998028591181824.ann_T1,help me study,193462001,193462001
664038152601018368.ann_T1,#ADHD,47437004 7461003,7461003
656782701719105536.ann_T1,weird dreams,419581008 85418005,85418005
657242592162091008.ann_T1,weird dreams,419581008 85418005,85418005
659486811685826560.ann_T1,asthma,195967001,195967001
644870510896132096.ann_T1,breast cancer,254838004 254837009,254837009
642779977327362048.ann_T1,breast cancer,254838004 254837009,254837009
658646698915315712.ann_T1,pimples,11381005,11381005
647682142126911489.ann_T2,sleep,271782001 77692006,77692006
647682142126911489.ann_T3,anxious,48694002,48694002
652131911259676673.ann_T1,Zeisures,91175000,91175000
652131911259676673.ann_T2,Cranial Nerve V (trigeminal) neuralgia,31681005,31681005
652131911259676673.ann_T3,Bipolar disorder,13746004 371596008,13746004
648241038788722688.ann_T2,feel like a zombie,271782001,271782001
659345699352485888.ann_T2,palpitations,80313002,80313002
660288517281415168.ann_T1,gain weight,262286000 8943002,262286000
656666252304392192.ann_T1,back pain,161891005,161891005
662842972824825856.ann_T1,laying down,271782001,271782001
641059195966619648.ann_T1,looking like I have chicken pox,271807003,271807003
661486411829403652.ann_T2,#depression,366979004 35489007,366979004
661747443986522113.ann_T1,migraines,37796009,37796009
647528540108390400.ann_T1,sleep,271782001 77692006,77692006
654115232743325696.ann_T2,anxiety,48694002,48694002
658966135124197376.ann_T1,unstable,88729006 18963009,18963009
645637352807903233.ann_T2,to sleep,77692006,77692006
654828503121047552.ann_T1,migraine,37796009,37796009
652150453388468224.ann_T2,migraines,37796009,37796009
660456062898733056.ann_T1,go to the bathroom almost as often as laxatives do,267060006 62315008,62315008
652513956804739072.ann_T1,confused,367391008 213257006,367391008
641260283336388609.ann_T1,Energy,276301007,276301007
641260283336388609.ann_T2,#breastcancer,254837009,254837009
660120499721248769.ann_T1,affect sleep,39898005,39898005
661755946423726080.ann_T1,chronic urticaria,126485001 247472004,126485001
642406654596784128.ann_T1,gained a lot of weight,262286000 8943002,262286000
653832029776310272.ann_T1,be up all night,193462001,193462001
653832029776310272.ann_T2,sleep,271782001 77692006,77692006
641831083382849536.ann_T1,happy,307074005,307074005
641831083382849536.ann_T2,depressed,35489007 74732009 366979004 13791008,366979004
653063059834060800.ann_T1,manic,231494001,231494001
663153854838542336.ann_T2,gaining weight,262286000 8943002,262286000
662383872823300096.ann_T1,tinnitus,162352007 60862001,60862001
662383872823300096.ann_T2,Neck pain,81680005,81680005
662383872823300096.ann_T3,Shoulder pain,279069000 45326000,279069000
660482798189486080.ann_T1,#macularproblems,422338006,422338006
650101439797272578.ann_T1,migraines,37796009,37796009
652740355368988672.ann_T2,#anxiety,48694002,48694002
652740355368988672.ann_T3,#bipolardisorder,13746004 371596008,13746004
645107909672742912.ann_T1,drowsiness,271782001,271782001
660184630016917504.ann_T2,eat the whole house,55350005,55350005
641818150913314816.ann_T1,depression,35489007 74732009 366979004 13791008,366979004
654999286967500800.ann_T2,#bipolar,13746004 371596008,13746004
653612406539575300.ann_T1,#bipolardisorder,13746004 371596008,13746004
644682226681126912.ann_T1,panic attacks,225624000,225624000
645820255881695232.ann_T2,sleep,271782001 77692006,77692006
660909176575553536.ann_T2,depressed,35489007 74732009 366979004 13791008,366979004
658963791854632960.ann_T1,focus on sleeping,271782001,271782001
658963791854632960.ann_T2,stay up all night,193462001 44186003,193462001
641804159734390784.ann_T1,feel like death,247347003 367391008 213257006,213257006
652073182690721792.ann_T1,ear infections,301811001,301811001
650954614821552128.ann_T1,knee aching,30989003 57676002,57676002
643866416647680000.ann_T1,migraine,37796009,37796009
641892757708124160.ann_T2,noise in my head,25064002,25064002
656963803070926848.ann_T1,night sweats,42984000,42984000
656963803070926848.ann_T2,migraine,37796009,37796009
644530158121058306.ann_T1,#bipolar,13746004 371596008,13746004
659225485373763584.ann_T1,pains,22253000,22253000
659225485373763584.ann_T2,#pain,22253000,22253000
659225485373763584.ann_T3,aches,22253000,22253000
650534417157496832.ann_T2,sleep,271782001 77692006,77692006
642782899008237568.ann_T1,depression,35489007 74732009 366979004 13791008,366979004
663823196689272832.ann_T2,#cysticfibrosis,190905008,190905008
643805613424685057.ann_T1,NSCLC,254637007,254637007
650927253312794624.ann_T1,knee's been bothering,30989003 57676002,57676002
650769193839788032.ann_T1,withdrawal symptoms,363101005,363101005
652418285422534656.ann_T1,dizzy,404640003 271789005,404640003
652418285422534656.ann_T2,nauseous,422587007,422587007
654083030777233408.ann_T1,study,193462001,193462001
647667392387108864.ann_T2,bipolar,371596008 13746004,13746004
643604402444627969.ann_T1,#lifewithbreastcance,254837009,254837009
650452230202503168.ann_T1,#depression,366979004 35489007,366979004
650452230202503168.ann_T2,feeling #guilt,7571003,7571003
644380126130470912.ann_T1,sleep,271782001 77692006,77692006
648691713146515457.ann_T5,Irritability,55929007,55929007
663093294562414592.ann_T2,depresson,366979004 35489007,366979004
641991599023628288.ann_T1,Nervous,53489000,53489000
641991599023628288.ann_T2,Weight Loss,262285001 89362005 161832001,262285001
660120621804744704.ann_T1,my mood is improving,307074005,307074005
648609459376406528.ann_T1,migraines,37796009,37796009
648141562778488832.ann_T2,sore,22253000,22253000
648651458183872513.ann_T1,sedated,17971005,17971005
661747407512838144.ann_T2,Epilepsy,84757009 246545002 313307000,84757009
656922747608678400.ann_T1,discontinuation syndrome,363101005,363101005
648227263981486080.ann_T1,metastatic breast cancer,254837009,254837009
653378020338761728.ann_T1,buzzy,404640003 271789005,404640003
653378020338761728.ann_T2,#depression,366979004 35489007,366979004
659502352861392896.ann_T1,wake up,44186003,44186003
659502352861392896.ann_T2,asleep,271782001 77692006,271782001
652116085865586688.ann_T1,anger issues,75408008,75408008
663700724866539520.ann_T1,trigeminal neuralgia,31681005,31681005
660779716618522628.ann_T2,awake,193462001 44186003,193462001
644166566079172608.ann_T1,pain,22253000,22253000
644166566079172608.ann_T2,headaches,25064002,25064002
644845812233564163.ann_T1,Tubercolosi,373576009,373576009
656599623214100480.ann_T1,back hurts,161891005,161891005
643393019043942401.ann_T4,schizophrenia,191526005,191526005
654023917653266432.ann_T5,#bipolar,13746004 371596008,13746004
647991633988972544.ann_T1,suicide risk,225457007 6471006,6471006
643106986079424512.ann_T1,#chronicpain,82423001 22253000,22253000
658645276995928064.ann_T1,sleeping,271782001 77692006,77692006
658645276995928064.ann_T2,adhd,47437004 7461003,7461003
650336533191376897.ann_T1,withdrawals,363101005,363101005
654691538283315201.ann_T2,asleep,271782001 77692006,271782001
654789181567184896.ann_T1,Pain,22253000,22253000
653274668833603584.ann_T1,focused,76039005,76039005
641037848527945728.ann_T1,withdrawal,363101005,363101005
641037848527945728.ann_T2,my brain felt like a raw pork shoulder inside a spinning fishbowl,363101005,363101005
652512436998815745.ann_T2,ADHD,47437004 7461003,7461003
648050950666588160.ann_T1,Toddler's asthma,195967001,195967001
648050950666588160.ann_T3,wheezing,56018004,56018004
663574516845572096.ann_T1,sleep,271782001 77692006,77692006
661533259596042242.ann_T1,lose my appetite,64379006 79890006,64379006
661533259596042242.ann_T2,lose weight,161832001 89362005 262285001,262285001
652886571235065856.ann_T1,#depression,366979004 35489007,366979004
652886571235065856.ann_T2,#anxiety,48694002,48694002
658584169979727872.ann_T1,Chronic Pain,22253000 82423001,22253000
658953180387147776.ann_T1,#palpitations,80313002,80313002
658953180387147776.ann_T2,Got a paper to finish in less than # __number__ hrs,193462001,193462001
653578912274878465.ann_T1,#chronicpain,82423001 22253000,22253000
653578912274878465.ann_T2,chronic pain,22253000 82423001,22253000
662026889041543168.ann_T1,cold turkey,363101005,363101005
663146705974521857.ann_T2,blood pressure,24184005,24184005
641646134008651776.ann_T2,toothache,27355003,27355003
654048383007506433.ann_T1,cough,49727002 272039006,49727002
652547319938854914.ann_T1,nausea,422587007,422587007
654588011154407424.ann_T1,tremors,267079009 26079004,26079004
654588011154407424.ann_T3,__number__ hours of sleep,271782001,271782001
664117320705441792.ann_T1,eat,72405004,72405004
644261239007412224.ann_T1,migraines,37796009,37796009
644261239007412224.ann_T2,anxiety,48694002,48694002
641872706942603264.ann_T2,earhole aches,22253000 112104007,22253000
650759571099676672.ann_T1,hungry,55350005,55350005
647065799883104256.ann_T1,anxiety,48694002,48694002
647065799883104256.ann_T2,insomnia,193462001,193462001
663873413375725568.ann_T2,knee hurts,30989003 57676002,57676002
655057018839891968.ann_T1,awake,193462001 44186003,193462001
655057018839891968.ann_T2,sleep,271782001 77692006,77692006
657210413705240576.ann_T1,neonatal abstinence,414819007,414819007
645571218725339136.ann_T1,headache,25064002,25064002
662551399239057408.ann_T3,Headache,25064002,25064002
662551399239057408.ann_T4,Anxiety,48694002,48694002
662551399239057408.ann_T5,Knock on my shoulder,279069000 45326000,279069000
643514121544204288.ann_T1,Gastritis,308698004 162076009 4556007,4556007
643514121544204288.ann_T2,headache,25064002,25064002
648502924201607168.ann_T3,PTSD,47505003,47505003
645002005291909120.ann_T1,energy,276301007,276301007
644029690538295296.ann_T1,#Bipolar,13746004 371596008,13746004
644029690538295296.ann_T2,to sleep,77692006,77692006
644029690538295296.ann_T3,#mania,231494001,231494001
661597429234589697.ann_T1,endometrial cancer,254878006,254878006
656908436421021696.ann_T2,osteoarthritis,3723001 225655006 396275006,396275006
642317374536949760.ann_T1,bleeding,131148009,131148009
657131915942744064.ann_T3,macular degeneration,422338006,422338006
659466662295531521.ann_T1,drowsy,271782001,271782001
659466662295531521.ann_T2,my eyes won't stay open,271782001,271782001
648438413004271616.ann_T1,gastro-oesophageal adenocarcinoma,276803003,276803003
663578675917561856.ann_T1,migraine,37796009,37796009
663578675917561856.ann_T2,sleep,271782001 77692006,77692006
648482829165330432.ann_T1,dreams,85418005,85418005
662380179231260672.ann_T1,anxiety,48694002,48694002
647247540493135872.ann_T1,headaches,25064002,25064002
642331705718755328.ann_T2,#chronicmigraine,37796009,37796009
661232056907767809.ann_T1,cancers,363346000,363346000
654725208318722048.ann_T1,lose weight,161832001 89362005 262285001,262285001
648554651877548032.ann_T1,personality disorders,33449004,33449004
648554651877548032.ann_T4,anxiety,48694002,48694002
652977313680723968.ann_T3,schizophrenia,191526005,191526005
659169176414588928.ann_T2,cystitis,236623005 15803009,236623005
646034817704960001.ann_T1,anxiety,48694002,48694002
642486791371665408.ann_T1,breast cancer,254838004 254837009,254837009
645381204443852800.ann_T1,bad mood,55929007,55929007
641610283534929920.ann_T1,**sleeping_face**,271782001,271782001
641060757283561472.ann_T1,sad,74732009 35489007 366979004 13791008,366979004
641060757283561472.ann_T3,dizzy,404640003 271789005,404640003
647570925676724224.ann_T1,night of no sleep,193462001,193462001
643810689136599040.ann_T1,pain,22253000,22253000
654189044461514752.ann_T1,infectious rhinitis,70076002,70076002
652234514538717184.ann_T2,anticonvulsant,91175000,91175000
652306162398814208.ann_T1,headaches,25064002,25064002
652950227280896001.ann_T1,numb,44077006 59073000,59073000
652950227280896001.ann_T2,tired,248274002 84229001 13791008,84229001
641505169167941632.ann_T2,withdrawals,363101005,363101005
663521574713184260.ann_T2,weight,262286000 8943002,262286000
641609467927351298.ann_T1,allergies,418634005,418634005
641609467927351298.ann_T2,rash,271807003,271807003
653516659148386304.ann_T1,opiate addiction,75544000 2403008 6525002,6525002
648593188639391745.ann_T1,study,193462001,193462001
662300055118995456.ann_T1,nightmares,419145002,419145002
647447714955968513.ann_T1,Diabetes,73211009,73211009
661279245595975680.ann_T1,#weightloss,262285001 89362005 161832001,262285001
650305523301117952.ann_T2,Bronchiolitis,32398004,32398004
652880852385267713.ann_T1,visual hallucinations,64269007,64269007
659654226256113664.ann_T2,pain,22253000,22253000
650039949006401536.ann_T1,#bipolar,13746004 371596008,13746004
650039949006401536.ann_T3,manic,231494001,231494001
652528107300126721.ann_T1,trigeminal neuralgia,31681005,31681005
652528107300126721.ann_T2,jaw pain,274667000,274667000
652528107300126721.ann_T3,neck pain,81680005,81680005
648858354039828480.ann_T1,Achilles tendon,415749005,415749005
663916706490748928.ann_T2,#Bipolar,13746004 371596008,13746004
662408208154165248.ann_T1,Headaches,25064002,25064002
662408208154165248.ann_T2,#bipolar,13746004 371596008,13746004
643008130062905344.ann_T2,#PrematureEjaculation,44001008,44001008
653599464746258432.ann_T2,Nerve pain,16269008,16269008
659409658571071488.ann_T1,sleep,271782001 77692006,77692006
641436658546532353.ann_T2,headaches,25064002,25064002
641436658546532353.ann_T3,migraine,37796009,37796009
642857444893290496.ann_T2,depression,35489007 74732009 366979004 13791008,366979004
652522325926014976.ann_T1,#PTSD,47505003,47505003
652522325926014976.ann_T3,#bipolar,13746004 371596008,13746004
653285212240089088.ann_T1,#ADHDlife,47437004 7461003,7461003
662994582276194304.ann_T1,Sleep,271782001 77692006,77692006
662994582276194304.ann_T3,#zombie,271782001,271782001
662994582276194304.ann_T5,#sleep,271782001,271782001
652863094062907397.ann_T1,depression,35489007 74732009 366979004 13791008,366979004
652863094062907397.ann_T2,anxiety attack,48694002 300895004,48694002
662650693916991489.ann_T2,temper tantrums,61372001 83943005,61372001
663961706775732224.ann_T1,impossible for me to sleep,193462001,193462001
662832625166348288.ann_T1,erectile dysfunction,397803000,397803000
652366149372370944.ann_T1,migraines,37796009,37796009
652366149372370944.ann_T2,weight loss,262285001 89362005 161832001,262285001
650644077810221056.ann_T1,migraines,37796009,37796009
645420251652337665.ann_T3,anxiety,48694002,48694002
653363093125341184.ann_T1,anger,75408008,75408008
653363093125341184.ann_T3,mood swings,88729006 18963009,18963009
662474880949030913.ann_T1,need to sleep,193462001,193462001
656632220132597760.ann_T2,Migraine,37796009,37796009
654263164352266240.ann_T2,dizzy,404640003 271789005,404640003
661020168194248704.ann_T1,sleep,271782001 77692006,77692006
643299103053639680.ann_T2,angioedema,400075008 41291007,41291007
658954298873675776.ann_T1,in about __number__ mins this girl is gonnee,271782001,271782001
643562007388667904.ann_T2,migraine,37796009,37796009
663992155585818624.ann_T1,nightmares,419145002,419145002
645774841082195976.ann_T1,panic attack,225624000,225624000
648113527253794816.ann_T1,anxiety,48694002,48694002
648113527253794816.ann_T2,anger,75408008,75408008
648113527253794816.ann_T4,interpersonal problems,33449004,33449004
656804647097778176.ann_T2,#pain,22253000,22253000
656804647097778176.ann_T4,#panic,79823003,79823003
656804647097778176.ann_T5,pain,22253000,22253000
661000667616706560.ann_T1,insomnia,193462001,193462001
642768515506696193.ann_T1,osteoporosis,64859006,64859006
660130730777772032.ann_T1,asthma,195967001,195967001
658619579300773889.ann_T1,anxiety,48694002,48694002
658619579300773889.ann_T3,Anxiety,48694002,48694002
661381917191745536.ann_T2,maniac,231494001,231494001
660109993274941440.ann_T1,weight gain,262286000 8943002,262286000
660109993274941440.ann_T3,weight loss,262285001 89362005 161832001,262285001
654321689480810496.ann_T1,sleep pattern,39898005,39898005
644812395349733376.ann_T1,awake,193462001 44186003,193462001
644285571393789952.ann_T1,#ptsd,47505003,47505003
644285571393789952.ann_T2,#pmdd,596004,596004
645414895559643136.ann_T1,rash,271807003,271807003
650049927725363202.ann_T1,bulimia nervosa,78004001,78004001
641884150207680512.ann_T2,manic,231494001,231494001
641884150207680512.ann_T4,#BipolarDisorder,13746004 371596008,13746004
641884150207680512.ann_T5,#mani,231494001,231494001
650510158955610113.ann_T2,vertigo,404640003 399153001,399153001
653295515283513344.ann_T1,visual snow,397540003 7973008 63102001,397540003
643042269029867520.ann_T1,anxiety,48694002,48694002
643042269029867520.ann_T2,#weightgain,262286000 8943002,262286000
654160021370966020.ann_T1,anxiety,48694002,48694002
654160021370966020.ann_T2,mania,231494001,231494001
654160021370966020.ann_T3,withdrawals,363101005,363101005
658569067373174785.ann_T1,awake,193462001 44186003,193462001
649753156906127360.ann_T1,#ChronicMigraine,37796009,37796009
649753156906127360.ann_T2,#Migraine,37796009,37796009
648801376689123328.ann_T2,#BipolarDisorder,13746004 371596008,13746004
658740360441692160.ann_T1,infection between the cornea and lens,128351009,128351009
663603279809667072.ann_T3,migraines,37796009,37796009
664156156571418624.ann_T1,allergy,416098002 416093006,416098002
659064080183902208.ann_T1,bipolar disorder,13746004 371596008,13746004
659064080183902208.ann_T2,anxiety,48694002,48694002
661972466173149184.ann_T1,withdrawals,363101005,363101005
652868669559541760.ann_T1,sneeze,162367006,162367006
656636577347559425.ann_T2,Reductionofhighbloodpressure,81010002,81010002
662499047148806144.ann_T1,sleep,271782001 77692006,77692006
642707864394465280.ann_T1,hours of sleep,77692006,77692006
660892211790389248.ann_T2,muscle twitches,60238002 249966004,60238002
660892211790389248.ann_T5,panic attacks,225624000,225624000
653755499696013312.ann_T1,sweat,312230002,312230002
654437888042659840.ann_T2,#Fibromyalgia,24693007 56557000 203082005 203102006,203082005
641108765165510656.ann_T1,be up til late,193462001,193462001
641108765165510656.ann_T2,play all night,193462001,193462001
643759931171082240.ann_T1,memory,386807006 48167000,386807006
643759931171082240.ann_T2,creativity,193462001,193462001
660493531903950848.ann_T2,asthma,195967001,195967001
660493531903950848.ann_T3,tightness in my chest,23924001 279084009,279084009
644699381015420928.ann_T1,seizure,91175000,91175000
648719243031236608.ann_T1,ventricular tachycardia,426525004,426525004
652622440154042372.ann_T4,rash,271807003,271807003
647799088998690816.ann_T1,invasive breast ca,713609000,713609000
659551954713124864.ann_T1,pain,22253000,22253000
659551954713124864.ann_T3,anxiety,48694002,48694002
660009149913264128.ann_T1,#depressionisreal,366979004 35489007,366979004
650970399224786944.ann_T2,#bipolardisorder,13746004 371596008,13746004
659575185218105344.ann_T3,#CrohnsDisease,34000006,34000006
663424531273486336.ann_T3,#migraine,37796009,37796009
656659999855366144.ann_T2,#withdrawals,363101005,363101005
662023558793715712.ann_T1,pain in OA knee,30989003 57676002,57676002
659158679858597888.ann_T2,Asthma,195967001,195967001
652388431906099200.ann_T1,sleep,271782001 77692006,77692006
643969831641808897.ann_T1,awake at night,193462001,193462001
643851756238188544.ann_T2,bipolarity,13746004 371596008,13746004
646078093040484353.ann_T1,breast cancer,254838004 254837009,254837009
642818999571513344.ann_T2,pain,22253000,22253000
647112530704367620.ann_T1,depression,35489007 74732009 366979004 13791008,366979004
647112530704367620.ann_T3,mania,231494001,231494001
647112530704367620.ann_T4,bipolar disorder,13746004 371596008,13746004
647520191455305728.ann_T3,bipolarity,13746004 371596008,13746004
647372110650834944.ann_T1,bipolar,371596008 13746004,13746004
652931536426278912.ann_T2,#narcolepsy,60380001,60380001
641577000411471872.ann_T2,Chronic Pain,22253000 82423001,22253000
647069406636417024.ann_T2,exhaustion,84229001 13791008 248274002 60119000,84229001
663876436873252864.ann_T2,Losing weight,262285001 89362005 161832001,262285001
658960011536691200.ann_T1,withdrawal syndrome,363101005,363101005
661892478660947968.ann_T2,adhd,47437004 7461003,7461003
661892478660947968.ann_T3,binge eating,439960005,439960005
644666500717125632.ann_T1,hyperprolactinemia,237662005,237662005
650305505156571136.ann_T3,#epilepsy,84757009 246545002 313307000,84757009
661394492486881280.ann_T1,depression,35489007 74732009 366979004 13791008,366979004
642224801541672960.ann_T1,depressed,35489007 74732009 366979004 13791008,366979004
652434094911913984.ann_T1,nightmare,419145002,419145002
652434094911913984.ann_T2,Nightmare,419145002,419145002
652434094911913984.ann_T4,Nightmare,419145002,419145002
649975716931461120.ann_T2,SAD,74732009 35489007 366979004 13791008,366979004
644259423897153536.ann_T1,nausea,422587007,422587007
644259423897153536.ann_T2,hallucinations,7011001,7011001
644259423897153536.ann_T3,vertigo,404640003 399153001,399153001
652882535333109760.ann_T2,#depression,366979004 35489007,366979004
647465783635804160.ann_T2,Eyes wide open,193462001,193462001
647465783635804160.ann_T3,sleep,271782001 77692006,77692006
652697531646918656.ann_T1,exhaustion,84229001 13791008 248274002 60119000,84229001
648755851549888512.ann_T1,#BipolarDisorder,13746004 371596008,13746004
648755851549888512.ann_T2,folic acid levels,190633005,190633005
662919993118621696.ann_T1,night sweats,42984000,42984000
652950181567168512.ann_T2,High Blood Pressure,38341003 24184005 69791001,38341003
648062691886661632.ann_T1,adenocarcinoma,443961001,443961001
648062691886661632.ann_T2,lung cancer,254637007,254637007
644332757552762880.ann_T2,gained weight,262286000 8943002,262286000
645280846514028544.ann_T2,knock out,271782001,271782001
653627631036821504.ann_T1,Depression,35489007 74732009 366979004 13791008,366979004
645129029419339776.ann_T2,cough,49727002 272039006,49727002
659497753211502593.ann_T2,awake,193462001 44186003,193462001
656844189234262017.ann_T1,#fibromyalgia,24693007 56557000 203082005 203102006,203082005
656844189234262017.ann_T3,headache,25064002,25064002
650928121684717568.ann_T1,hungry,55350005,55350005
662182161768804352.ann_T1,**sleeping_face**,271782001,271782001
662182161768804352.ann_T3,**sleeping_face**,271782001,271782001
652654135913877505.ann_T2,#migraine,37796009,37796009
659532173997805568.ann_T2,coughing,49727002 272039006,49727002
653363141015900163.ann_T1,#Migraine,37796009,37796009
644386660885635072.ann_T2,nauseous,422587007,422587007
645076046409240576.ann_T1,bipolar disorder,13746004 371596008,13746004
652867353777176576.ann_T1,manic episode,231494001,231494001
650962102090207232.ann_T1,sleep disorder,39898005,39898005
648017373673357312.ann_T1,itchy my eyes,74776002,74776002
652480555221577728.ann_T5,lung abnormalities,19829001,19829001
652277545841393665.ann_T1,oncology,363346000,363346000
644625129159454720.ann_T1,delirium,2776000 81308009 419567006,2776000
644625129159454720.ann_T3,dementia,52448006,52448006
664017481694998528.ann_T2,anti-depressants,366979004 35489007,366979004
645220355221622785.ann_T2,compulsive behavior,12479006,12479006
652356131440955392.ann_T2,diabetic neuropathy,230572002,230572002
652500203728150528.ann_T1,anxiety,48694002,48694002
659093185738776577.ann_T1,QT prolongation,111975006,111975006
659093185738776577.ann_T3,seizures,91175000,91175000
642223378485501953.ann_T1,deepest sleep,271782001,271782001
654487625743470593.ann_T1,Seizures,91175000,91175000
643962321795219456.ann_T1,#manic,231494001,231494001
643962321795219456.ann_T2,#bipolar,13746004 371596008,13746004
643962321795219456.ann_T3,#mania,231494001,231494001
657010166437670916.ann_T2,bonesosteonecrosis,240196003,240196003
653977690375127041.ann_T1,fatigue,248274002 84229001 13791008,84229001
662570206649262080.ann_T3,pain,22253000,22253000
641362993414979588.ann_T2,dizziness,404640003 271789005,404640003
659481103829499905.ann_T3,Asthma,195967001,195967001
643371909070069761.ann_T1,face,278528006,278528006
661018832077737984.ann_T2,depressed,35489007 74732009 366979004 13791008,366979004
654874256614887424.ann_T1,sleepy enough to sleep or stay asleep once I am,271782001,271782001
654874256614887424.ann_T3,sleepy enough to sleep,271782001,271782001
659275163091906560.ann_T1,to be up all night,193462001,193462001
662687401253408768.ann_T1,anxiety,48694002,48694002
662687401253408768.ann_T2,Unhappiness,366979004 35489007,366979004
662687401253408768.ann_T3,stress,73595000,73595000
652238372472266752.ann_T1,renal dysfunction,42399005 236423003,236423003
659638046976040960.ann_T1,to do homework,193462001,193462001
663040976391401476.ann_T1,hyperkalemia,238142003 166689004 14140009,14140009
644017707310931968.ann_T1,vampire schedules,193462001,193462001
645390006589091840.ann_T2,cold turkey,363101005,363101005
654215034097246208.ann_T1,Teratogenic,58694006,58694006
652585417565466624.ann_T1,drowsy,271782001,271782001
652585417565466624.ann_T2,drowsy,271782001,271782001
645763758850093056.ann_T1,pain,22253000,22253000
656654834989293568.ann_T1,heartburn,162031009 16331000,162031009
652689240921255936.ann_T1,feel more Hot,373932008,373932008
648178025104707584.ann_T1,suicidal behaviou,425104003,425104003
648178025104707584.ann_T3,Hallucinations,7011001,7011001
659629592135598080.ann_T1,#arthritis,3723001,3723001
659629592135598080.ann_T15,Wrists #painful,56608008 202482009 57676002,57676002
654742080653127680.ann_T1,#BipolarDisorder,13746004 371596008,13746004
654742080653127680.ann_T2,#bipolar,13746004 371596008,13746004
642538440337195009.ann_T1,pneumonia,233604007,233604007
648555599320510464.ann_T2,insomnia,193462001,193462001
642746637866012672.ann_T1,sleeplessness,193462001,193462001
663546698971668484.ann_T2,sleep,271782001 77692006,77692006
653136496602546177.ann_T2,panic attack,225624000,225624000
648138804692414464.ann_T1,weird dreams,419581008 85418005,85418005
657046485197041664.ann_T2,stomach pain,43364001 21522001 162059005 271681002,271681002
657046485197041664.ann_T3,diarrhea,267060006 62315008,62315008
657046485197041664.ann_T4,depression,35489007 74732009 366979004 13791008,366979004
651041599854542848.ann_T1,#withdrawal symptoms,363101005,363101005
662505475691425792.ann_T1,has taken away the ability to orgasm,62607004,62607004
649918803938144257.ann_T2,depression,35489007 74732009 366979004 13791008,366979004
660633439708704768.ann_T2,tired,248274002 84229001 13791008,84229001
661422653543051264.ann_T1,sleep,271782001 77692006,77692006
654645232961622016.ann_T1,sleeping,271782001 77692006,77692006
657095936728956928.ann_T1,an exam which I haven't studied,193462001,193462001
644699405673754627.ann_T1,withdrawal,363101005,363101005
648558066842140672.ann_T1,appetite suppressant,64379006 79890006,64379006
652504816959254528.ann_T1,vomiting,249497008 422400008,422400008
652504816959254528.ann_T2,nausea,422587007,422587007
649637942219010048.ann_T2,fatigue,248274002 84229001 13791008,84229001
663416442491015168.ann_T1,depression,35489007 74732009 366979004 13791008,366979004
652211124012732416.ann_T1,concentrate,193462001,193462001
642625526822236160.ann_T1,slept good,67233009,67233009
642625526822236160.ann_T3,Insomnia,193462001,193462001
652231334253961216.ann_T1,anxiety,48694002,48694002
642097145584205824.ann_T2,ocd,191736004,191736004
642440486184161281.ann_T1,erectile dysfunction,397803000,397803000
663880504983347200.ann_T5,generalized anxiety disorder,21897009,21897009
650036362389942272.ann_T3,migraines,37796009,37796009
644008963105644544.ann_T1,study,193462001,193462001
644320892005167104.ann_T1,numb,44077006 59073000,59073000
661566515486072833.ann_T1,withdrawals,363101005,363101005
661566515486072833.ann_T2,feeling worse,363101005,363101005
650377327721906176.ann_T1,blood infection,301811001,301811001
643836688968613888.ann_T1,slept,77692006,77692006
643836688968613888.ann_T2,manic,231494001,231494001
662045927557873665.ann_T2,stress,73595000,73595000
654781325400928256.ann_T2,mood swings,88729006 18963009,18963009
654639688158871552.ann_T1,superbugs,301811001,301811001
659532647459332096.ann_T1,#anxietyfree,48694002,48694002
659532647459332096.ann_T2,#sleepatnight,271782001,271782001
653314165696806912.ann_T1,headache,25064002,25064002
653314165696806912.ann_T2,shoulder in pain,279069000 45326000,279069000
645087889089400832.ann_T2,fatigue,248274002 84229001 13791008,84229001
652082816675540992.ann_T1,withdrawals,363101005,363101005
663455182525739008.ann_T1,energy,276301007,276301007
660923053946327040.ann_T1,hurt my stomach,271681002 21522001 162059005 43364001,271681002
650449837935198208.ann_T3,hungry,55350005,55350005
661173167097053189.ann_T1,headaches,25064002,25064002
662222776460288001.ann_T1,sleep,271782001 77692006,77692006
653546775345766400.ann_T1,seizures,91175000,91175000
653546775345766400.ann_T2,# epilepsy,84757009 246545002 313307000,84757009
653712789824008192.ann_T2,#BiPolar,13746004 371596008,13746004
663065595017957376.ann_T2,typhoid feve,4834000,4834000
647284336497049601.ann_T1,asleep,271782001 77692006,271782001
654228339461365760.ann_T1,tired,248274002 84229001 13791008,84229001
654228339461365760.ann_T3,Depression,35489007 74732009 366979004 13791008,366979004
663798048712192001.ann_T1,sleepy,271782001,271782001
663798048712192001.ann_T2,#schizophrenia,191526005,191526005
657136017351151616.ann_T1,#,67233009,67233009
657136017351151616.ann_T2,#Rheum,3723001 69896004,69896004
647295674690748416.ann_T1,drowsy,271782001,271782001
660094506289766400.ann_T2,facial swelling,278528006,278528006
660094506289766400.ann_T3,weight gain,262286000 8943002,262286000
659508481930563585.ann_T1,zombie,247347003 367391008 213257006,213257006
663856348048834560.ann_T4,hot flushes,198436008 427368007,198436008
643749201772474368.ann_T2,concentration,193462001,193462001
656432144504389632.ann_T1,congestive heart failure,42343007,42343007
652678579034136576.ann_T1,depressed,35489007 74732009 366979004 13791008,366979004
652678579034136576.ann_T2,effect my moods,18963009 48079002,18963009
659539237134598149.ann_T1,anger,75408008,75408008
659539237134598149.ann_T2,rage,75408008,75408008
662317159075459072.ann_T4,exhaustion,84229001 13791008 248274002 60119000,84229001
641333406991843328.ann_T1,nauseous,422587007,422587007
654337824611631104.ann_T1,ADHD,47437004 7461003,7461003
661272506448220160.ann_T1,sad,74732009 35489007 366979004 13791008,366979004
663951646041354240.ann_T2,Binge-Eating Disorder,439960005,439960005
663951646041354240.ann_T3,ADHD,47437004 7461003,7461003
658494257611853824.ann_T2,anticonvulsants,91175000,91175000
654384957398351872.ann_T1,breast ca,254838004,254838004
661942195646173184.ann_T1,anxiety,48694002,48694002
649653596665966592.ann_T1,has altered my ability to sleep,39898005,39898005
654018093715337216.ann_T1,hallucinate,7011001,7011001
654018093715337216.ann_T2,sleep,271782001 77692006,77692006
642417585032699904.ann_T2,high blood pressure,38341003 24184005 69791001,38341003
645222205127831552.ann_T3,weight gain,262286000 8943002,262286000
642295478369935360.ann_T1,#arthritis,3723001,3723001
643387084888104960.ann_T1,fall back to sleep,193462001,193462001
660933650494521344.ann_T2,#goalzeroemotions,932006 20602000,20602000
645414573625860096.ann_T1,rash,271807003,271807003
662057725707309060.ann_T1,energetic,276301007,276301007
642490612961308672.ann_T1,deep vein thrombosis,128053003,128053003
642490612961308672.ann_T3,#lymphedema,234097001,234097001
653840449380052993.ann_T2,suicidal,6471006 225457007,6471006
643040487151128576.ann_T1,Fatty Liver,442191002 197321007,442191002
653657786308526080.ann_T1,#ADHD,47437004 7461003,7461003
663180151522390018.ann_T1,stay up all night,193462001 44186003,193462001
662599943455158272.ann_T1,weight gain,262286000 8943002,262286000
659102036605034496.ann_T1,painful,22253000,22253000
659102036605034496.ann_T2,withdrawal symptoms,363101005,363101005
641297615313862657.ann_T1,#adhd,47437004 7461003,7461003
645267693126463492.ann_T1,upset stomach,43364001 21522001 162059005 271681002,271681002
645267693126463492.ann_T3,headache,25064002,25064002
658828823966961664.ann_T4,myoclonic epilepsy,192992007 37356005,37356005
641934339773628418.ann_T3,#pain,22253000,22253000
653390021056053248.ann_T1,migraine,37796009,37796009
662126407515029504.ann_T1,weight loss,262285001 89362005 161832001,262285001
653188537194446852.ann_T1,#fuckasthma,195967001,195967001
650474527588270080.ann_T2,drowsy,271782001,271782001
650103319118024704.ann_T2,DIARRHEA,267060006 62315008,62315008
650399026790178816.ann_T1,chronic pain,22253000 82423001,22253000
642625140493275136.ann_T2,bronchitis,32398004,32398004
648351545935794176.ann_T3,strange dreams,85418005,85418005
645829052771733504.ann_T1,Urinary Tract Infections,68566005,68566005
647440484319776768.ann_T2,breast cancer,254838004 254837009,254837009
661652502253805568.ann_T1,anxiety,48694002,48694002
650857565442715649.ann_T2,withdrawal symptoms,363101005,363101005
654119791846887424.ann_T1,feel highs and lows,88729006 18963009,18963009
647997825263865856.ann_T2,#diabetes,73211009,73211009
642159691523616773.ann_T1,migraines,37796009,37796009
650998001301782528.ann_T1,suicidal,6471006 225457007,6471006
659056206665924608.ann_T1,chronic pain,22253000 82423001,22253000
648255235903852545.ann_T1,puts on the pounds,262286000 8943002,262286000
648255235903852545.ann_T2,lost weigh,262285001 89362005 161832001,262285001
642224993129005056.ann_T1,asleep,271782001 77692006,271782001
653607786165571584.ann_T3,panicking,79823003,79823003
652209942519087104.ann_T1,bowel perforation,56905009,56905009
663867939188273152.ann_T2,crying spells,304534000,304534000
644608213308960768.ann_T2,allergic,418634005,418634005
659137034125254656.ann_T1,seasick,404640003 271789005,404640003
659137034125254656.ann_T2,tired,248274002 84229001 13791008,84229001
653372932748611584.ann_T1,#withdrawalsymptoms,363101005,363101005
658711024808427520.ann_T2,#migraine,37796009,37796009
662171462648905728.ann_T2,sleep,271782001 77692006,77692006
663141777604395008.ann_T2,__number__ lbs overweight,262286000 8943002,262286000
650978881369993216.ann_T5,Panic,225624000 79823003,79823003
650978881369993216.ann_T7,Sadness,420038007 35489007 366979004,366979004
641088566336950272.ann_T2,depression,35489007 74732009 366979004 13791008,366979004
641088566336950272.ann_T3,anxiety,48694002,48694002
649710115570995201.ann_T1,neck pain,81680005,81680005
659654489142484993.ann_T1,pain,22253000,22253000
654539033503109121.ann_T2,sleepp,271782001,271782001
664120182923771904.ann_T1,#TreatmentofADHD,47437004 7461003,7461003
653910479996350465.ann_T2,breast cancer,254838004 254837009,254837009
653910479996350465.ann_T3,Anxiety,48694002,48694002
652119966997606400.ann_T1,gain,262286000 8943002,262286000
658693875507138560.ann_T3,depression,35489007 74732009 366979004 13791008,366979004
662057480885694465.ann_T1,zero energy,84229001 60119000 248274002,84229001
662057480885694465.ann_T2,zero emotion,932006 20602000,20602000
642058182932754432.ann_T1,withdrawals,363101005,363101005
642058182932754432.ann_T2,nauseated,422587007,422587007
642058182932754432.ann_T4,throwing up,249497008 422400008,422400008
645925004853444609.ann_T1,wheezing,56018004,56018004
650994009733758977.ann_T1,personality disorder,33449004,33449004
664165957741338624.ann_T1,gaining weight,262286000 8943002,262286000
658482919275524096.ann_T1,antidepressant,366979004 35489007,366979004
644624485014990848.ann_T1,productive,193462001,193462001
652341908845559809.ann_T1,asthma,195967001,195967001
652360381319348224.ann_T2,#peripheral #neuropathy,302226006,302226006
662044322305581056.ann_T1,migraines,37796009,37796009
650021750277734400.ann_T1,bulimia,78004001,78004001
650021750277734400.ann_T2,anorexia,64379006 79890006,64379006
661057596393066496.ann_T1,migraines,37796009,37796009
663496074582228992.ann_T1,rash,271807003,271807003
645372145212747776.ann_T1,asleep,271782001 77692006,271782001
658901105401663488.ann_T2,Migraines,37796009,37796009
654545311411650560.ann_T1,Asthma,195967001,195967001
647428840931856384.ann_T4,anxiety,48694002,48694002
654147112934895617.ann_T2,sleeping,271782001 77692006,77692006
645860288508497920.ann_T2,Pain,22253000,22253000
653647444669038592.ann_T2,#BiPolar,13746004 371596008,13746004
648693870646071296.ann_T1,kidney stones,95570007,95570007
648693870646071296.ann_T2,glaucoma,23986001,23986001
648693870646071296.ann_T3,heatstroke,52072009,52072009
648693870646071296.ann_T4,met acidosis,59455009,59455009
647590856451559424.ann_T2,#rheum,3723001 69896004,69896004
641817460530806784.ann_T1,want to do is eat,55350005,55350005
659655927688130560.ann_T2,pain,22253000,22253000
643890702661718016.ann_T1,pain,22253000,22253000
643890702661718016.ann_T2,#trigeminalneuralgia,31681005,31681005
644206422914297856.ann_T2,panic attack,225624000,225624000
664090510944944128.ann_T1,sleep,271782001 77692006,77692006
664090510944944128.ann_T2,asleep,271782001 77692006,271782001
652271862970494976.ann_T1,ALLERGY,416098002 416093006,416098002
652271862970494976.ann_T3,Cough,49727002 272039006,49727002
652271862970494976.ann_T4,allergy,416098002 416093006,416098002
645960727744778244.ann_T2,Depression,35489007 74732009 366979004 13791008,366979004
641224931573932032.ann_T1,cold turkey,363101005,363101005
649522193953648640.ann_T2,NSCLC,254637007,254637007
660219886405156865.ann_T2,bipolar disorder,13746004 371596008,13746004
663567818483437568.ann_T2,Nsclc,254637007,254637007
648806887228637184.ann_T2,neovascular age-related mac,422338006,422338006
662282807230799873.ann_T1,breathe,230145002 267036007,267036007
642186677025415168.ann_T2,withdraws,363101005,363101005
647070874856763393.ann_T2,gone up two dress sizes,262286000 8943002,262286000
652861295109218304.ann_T1,Depression,35489007 74732009 366979004 13791008,366979004
662025671279902720.ann_T1,brain fatigue,248274002 84229001 271782001 13791008,84229001
654215390717874176.ann_T2,exhausted,84229001 13791008 248274002 60119000,84229001
649528737042690048.ann_T2,depression,35489007 74732009 366979004 13791008,366979004
661433237969829889.ann_T1,slumber,271782001,271782001
661340351152549888.ann_T3,depression,35489007 74732009 366979004 13791008,366979004
645709669835476992.ann_T1,feel shit,363101005,363101005
645709669835476992.ann_T2,drunk,102897001,102897001
645324247120916480.ann_T1,weight gain,262286000 8943002,262286000
641564332774563840.ann_T2,nerve damage,57182000,57182000
649712531741786112.ann_T2,mood instability,88729006 18963009,18963009
647850460859072512.ann_T2,Temporal Arteritis,400130008,400130008
653099739869745152.ann_T1,sore throat,162397003 267102003,267102003
648364292941721600.ann_T1,migraines,37796009,37796009
648364292941721600.ann_T2,PTSD,47505003,47505003
659182616827031552.ann_T1,lower back,161891005 279039007,161891005
659182616827031552.ann_T2,ruptured my achilles,415749005,415749005
652948487093534720.ann_T1,rash,271807003,271807003
646053569590767616.ann_T2,asthma,195967001,195967001
648258724084084736.ann_T1,pimples,11381005,11381005
653806712118493185.ann_T2,dry cough,11833005 49727002 272039006,49727002
644819669321428992.ann_T1,sexual function,56925008 225723003 231532002,56925008
663146015998930946.ann_T1,#SAD,366979004 35489007,366979004
663146015998930946.ann_T2,#depressionisreal,366979004 35489007,366979004
662552347155894272.ann_T3,Pain,22253000,22253000
642475181533822977.ann_T2,#lymphedema,234097001,234097001
656868332851888128.ann_T1,sleep,271782001 77692006,77692006
647125350451945472.ann_T1,headache,25064002,25064002
664069537847865344.ann_T1,anxiety,48694002,48694002
661161846544728064.ann_T1,cancer ovarian,363443007,363443007
663603459992649728.ann_T2,sleeping,271782001 77692006,77692006
648234647264952325.ann_T1,irritability,55929007,55929007
643101898032025602.ann_T2,#breastcancer,254837009,254837009
642422971458457600.ann_T1,head hurts,25064002,25064002
650215400773255168.ann_T1,awake,193462001 44186003,193462001
648840732426563584.ann_T1,Hyponatremia,89627008,89627008
645319505216868352.ann_T1,migraine,37796009,37796009
648555774583644160.ann_T1,#personalitydisorder,33449004,33449004
661278146646417408.ann_T2,anxiety,48694002,48694002
663257774588100609.ann_T1,sleep,271782001 77692006,77692006
653356469853782021.ann_T2,intestinal obstruction,81060008,81060008
656882897471844352.ann_T1,migraine,37796009,37796009
649929536688099332.ann_T1,stevens-johnson syndrome,73442001 36715001,73442001
660806761729941504.ann_T1,insomnia,193462001,193462001
654949566895095808.ann_T2,was making me a zombie,271782001,271782001
662287454838370305.ann_T2,#chronicdailyheadache,25064002,25064002
645674862481117185.ann_T1,withdrawal,363101005,363101005
